{
  "Id": "Cats",
  "AchievementCategories": [
    {
      "Id": "Collections",
      "Name": {
        "ByLocale": {
          "English": "Collections",
          "German": "Sammlungen",
          "Spanish": "Colecciones",
          "French": "Collections"
        }
      },
      "AchievementCollections": [
        {
          "Id": "Cats",
          "Name": {
            "ByLocale": {
              "English": "Hungry Cat Scavenger Hunt",
              "German": "Schnitzeljagd nach den gefräßigen Katzen",
              "Spanish": "Búsqueda de los gatos hambrientos",
              "French": "Chasse au trésor du chat affamé"
            }
          },
          "Achievements": [
            {
              "Id": "Meta",
              "Name": {
                "ByLocale": {
                  "English": "Gotta catch 'em all!",
                  "German": "Schnapp' sie dir alle!",
                  "Spanish": "¡Hazte con todos!",
                  "French": "Attrapez-les tous!"
                }
              },
              "Description": {
                "ByLocale": {
                  "English": "Collect every cat for your home instance.",
                  "German": "Sammle jede Katze für deinen Heimatort.",
                  "Spanish": "Recoge todos los gatos para tu Hogar.",
                  "French": "Collecte chaque chat pour ta Instance personnelle."
                }
              },
              "Color": {
                "R": 235,
                "G": 129,
                "B": 44,
                "A": 255
              },
              "Tiers": [
                {
                  "Count": 1,
                  "Points": 1
                },
                {
                  "Count": 10,
                  "Points": 2
                },
                {
                  "Count": 20,
                  "Points": 3
                },
                {
                  "Count": 35,
                  "Points": 4
                }
              ],
              "ObjectiveDisplay": 1,
              "IsPinned": true,
              "MetaObjectives": [
                {
                  "ReferenceId": "AdditionalAchievements.Examples.HomeCompletion.Cats.Collections.Cats.Cat1"
                },
                {
                  "ReferenceId": "AdditionalAchievements.Examples.HomeCompletion.Cats.Collections.Cats.Cat2"
                },
                {
                  "ReferenceId": "AdditionalAchievements.Examples.HomeCompletion.Cats.Collections.Cats.Cat3"
                },
                {
                  "ReferenceId": "AdditionalAchievements.Examples.HomeCompletion.Cats.Collections.Cats.Cat4"
                },
                {
                  "ReferenceId": "AdditionalAchievements.Examples.HomeCompletion.Cats.Collections.Cats.Cat5"
                },
                {
                  "ReferenceId": "AdditionalAchievements.Examples.HomeCompletion.Cats.Collections.Cats.Cat6"
                },
                {
                  "ReferenceId": "AdditionalAchievements.Examples.HomeCompletion.Cats.Collections.Cats.Cat7"
                },
                {
                  "ReferenceId": "AdditionalAchievements.Examples.HomeCompletion.Cats.Collections.Cats.Cat8"
                },
                {
                  "ReferenceId": "AdditionalAchievements.Examples.HomeCompletion.Cats.Collections.Cats.Cat9"
                },
                {
                  "ReferenceId": "AdditionalAchievements.Examples.HomeCompletion.Cats.Collections.Cats.Cat10"
                },
                {
                  "ReferenceId": "AdditionalAchievements.Examples.HomeCompletion.Cats.Collections.Cats.Cat11"
                },
                {
                  "ReferenceId": "AdditionalAchievements.Examples.HomeCompletion.Cats.Collections.Cats.Cat12"
                },
                {
                  "ReferenceId": "AdditionalAchievements.Examples.HomeCompletion.Cats.Collections.Cats.Cat13"
                },
                {
                  "ReferenceId": "AdditionalAchievements.Examples.HomeCompletion.Cats.Collections.Cats.Cat14"
                },
                {
                  "ReferenceId": "AdditionalAchievements.Examples.HomeCompletion.Cats.Collections.Cats.Cat15"
                },
                {
                  "ReferenceId": "AdditionalAchievements.Examples.HomeCompletion.Cats.Collections.Cats.Cat16"
                },
                {
                  "ReferenceId": "AdditionalAchievements.Examples.HomeCompletion.Cats.Collections.Cats.Cat17"
                },
                {
                  "ReferenceId": "AdditionalAchievements.Examples.HomeCompletion.Cats.Collections.Cats.Cat18"
                },
                {
                  "ReferenceId": "AdditionalAchievements.Examples.HomeCompletion.Cats.Collections.Cats.Cat19"
                },
                {
                  "ReferenceId": "AdditionalAchievements.Examples.HomeCompletion.Cats.Collections.Cats.Cat20"
                },
                {
                  "ReferenceId": "AdditionalAchievements.Examples.HomeCompletion.Cats.Collections.Cats.Cat21"
                },
                {
                  "ReferenceId": "AdditionalAchievements.Examples.HomeCompletion.Cats.Collections.Cats.Cat22"
                },
                {
                  "ReferenceId": "AdditionalAchievements.Examples.HomeCompletion.Cats.Collections.Cats.Cat23"
                },
                {
                  "ReferenceId": "AdditionalAchievements.Examples.HomeCompletion.Cats.Collections.Cats.Cat24"
                },
                {
                  "ReferenceId": "AdditionalAchievements.Examples.HomeCompletion.Cats.Collections.Cats.Cat25"
                },
                {
                  "ReferenceId": "AdditionalAchievements.Examples.HomeCompletion.Cats.Collections.Cats.Cat26"
                },
                {
                  "ReferenceId": "AdditionalAchievements.Examples.HomeCompletion.Cats.Collections.Cats.Cat27"
                },
                {
                  "ReferenceId": "AdditionalAchievements.Examples.HomeCompletion.Cats.Collections.Cats.Cat28"
                },
                {
                  "ReferenceId": "AdditionalAchievements.Examples.HomeCompletion.Cats.Collections.Cats.Cat29"
                },
                {
                  "ReferenceId": "AdditionalAchievements.Examples.HomeCompletion.Cats.Collections.Cats.Cat32"
                },
                {
                  "ReferenceId": "AdditionalAchievements.Examples.HomeCompletion.Cats.Collections.Cats.Cat33"
                },
                {
                  "ReferenceId": "AdditionalAchievements.Examples.HomeCompletion.Cats.Collections.Cats.Cat34"
                },
                {
                  "ReferenceId": "AdditionalAchievements.Examples.HomeCompletion.Cats.Collections.Cats.Cat35"
                },
                {
                  "ReferenceId": "AdditionalAchievements.Examples.HomeCompletion.Cats.Collections.Cats.Cat36"
                },
                {
                  "ReferenceId": "AdditionalAchievements.Examples.HomeCompletion.Cats.Collections.Cats.Cat37"
                }
              ]
            },
            {
              "Id": "Cat1",
              "Name": {
                "ByLocale": {
                  "English": "Gray Cat (1)",
                  "German": "Graue Katze (1)",
                  "Spanish": "Gato Gris (1)",
                  "French": "Chat Gris (1)"
                }
              },
              "Description": {
                "ByLocale": {
                  "English": "Adopt the gray cat in Queensdale.",
                  "German": "Adoptiere die graue Katze in Königintal.",
                  "Spanish": "Adopta al gato gris en Valle de la Reina.",
                  "French": "Adoptez le chat gris dans la Vallée de la reine."
                }
              },
              "Tiers": [
                {
                  "Count": 1,
                  "Points": 1
                }
              ],
              "Objectives": [
                {
                  "Id": "Objective",
                  "Name": {
                    "ByLocale": {
                      "English": "Objective"
                    }
                  },
                  "Description": {
                    "ByLocale": {
                      "English": "N/A"
                    }
                  },
                  "MaxAmount": 1,
                  "Condition": {
                    "Action": {
                      "Value": "1",
                      "ChooseOption": 0,
                      "Endpoint": "Account.Home.Cats",
                      "$typeString": "apiContains"
                    }
                  }
                }
              ]
            },
            {
              "Id": "Cat2",
              "Name": {
                "ByLocale": {
                  "English": "Gray Cat (2)",
                  "German": "Graue Katze (2)",
                  "Spanish": "Gato Gris (2)",
                  "French": "Chat Gris (2)"
                }
              },
              "Description": {
                "ByLocale": {
                  "English": "Adopt the gray cat in Lion's Arch.",
                  "German": "Adoptiere die graue Katze in Löwenstein.",
                  "Spanish": "Adopta al gato gris en Arco del León.",
                  "French": "Adoptez le chat gris de l'Arche du Lion."
                }
              },
              "Tiers": [
                {
                  "Count": 1,
                  "Points": 1
                }
              ],
              "Objectives": [
                {
                  "Id": "Objective",
                  "Name": {
                    "ByLocale": {
                      "English": "Objective"
                    }
                  },
                  "Description": {
                    "ByLocale": {
                      "English": "N/A"
                    }
                  },
                  "MaxAmount": 1,
                  "Condition": {
                    "Action": {
                      "Value": "2",
                      "ChooseOption": 0,
                      "Endpoint": "Account.Home.Cats",
                      "$typeString": "apiContains"
                    }
                  }
                }
              ]
            },
            {
              "Id": "Cat3",
              "Name": {
                "ByLocale": {
                  "English": "Orange Cat (1)",
                  "German": "Orangene Katze (1)",
                  "Spanish": "Gato Naranja (1)",
                  "French": "Chat Orange (1)"
                }
              },
              "Description": {
                "ByLocale": {
                  "English": "Adopt the orange cat in Lion's Arch.",
                  "German": "Adoptiere die orangene Katze in Löwenstein.",
                  "Spanish": "Adopta al gato naranja en Arco del León.",
                  "French": "Adoptez le chat orange de l'Arche du Lion."
                }
              },
              "Tiers": [
                {
                  "Count": 1,
                  "Points": 1
                }
              ],
              "Objectives": [
                {
                  "Id": "Objective",
                  "Name": {
                    "ByLocale": {
                      "English": "Objective"
                    }
                  },
                  "Description": {
                    "ByLocale": {
                      "English": "N/A"
                    }
                  },
                  "MaxAmount": 1,
                  "Condition": {
                    "Action": {
                      "Value": "3",
                      "ChooseOption": 0,
                      "Endpoint": "Account.Home.Cats",
                      "$typeString": "apiContains"
                    }
                  }
                }
              ]
            },
            {
              "Id": "Cat4",
              "Name": {
                "ByLocale": {
                  "English": "Orange Cat (2)",
                  "German": "Orangene Katze (2)",
                  "Spanish": "Gato Naranja (2)",
                  "French": "Chat Orange (2)"
                }
              },
              "Description": {
                "ByLocale": {
                  "English": "Adopt the orange cat in the Fields of Ruin.",
                  "German": "Adoptiere die orangene Katze in den Feldern der Verwüstung.",
                  "Spanish": "Adopta al gato naranja de los Campos de la Ruina.",
                  "French": "Adoptez le chat orange des Champs de ruine."
                }
              },
              "Tiers": [
                {
                  "Count": 1,
                  "Points": 1
                }
              ],
              "Objectives": [
                {
                  "Id": "Objective",
                  "Name": {
                    "ByLocale": {
                      "English": "Objective"
                    }
                  },
                  "Description": {
                    "ByLocale": {
                      "English": "N/A"
                    }
                  },
                  "MaxAmount": 1,
                  "Condition": {
                    "Action": {
                      "Value": "4",
                      "ChooseOption": 0,
                      "Endpoint": "Account.Home.Cats",
                      "$typeString": "apiContains"
                    }
                  }
                }
              ]
            },
            {
              "Id": "Cat5",
              "Name": {
                "ByLocale": {
                  "English": "Orange Cat (3)",
                  "German": "Orangene Katze (3)",
                  "Spanish": "Gato Naranja (3)",
                  "French": "Chat Orange (3)"
                }
              },
              "Description": {
                "ByLocale": {
                  "English": "Adopt the orange cat in Divinity's Reach.",
                  "German": "Adoptiere die orangene Katze in Götterfels.",
                  "Spanish": "Adopta al gato naranja en Linde de la Divinidad.",
                  "French": "Adoptez le chat orange dans le Promontoire divin."
                }
              },
              "Tiers": [
                {
                  "Count": 1,
                  "Points": 1
                }
              ],
              "Objectives": [
                {
                  "Id": "Objective",
                  "Name": {
                    "ByLocale": {
                      "English": "Objective"
                    }
                  },
                  "Description": {
                    "ByLocale": {
                      "English": "N/A"
                    }
                  },
                  "MaxAmount": 1,
                  "Condition": {
                    "Action": {
                      "Value": "5",
                      "ChooseOption": 0,
                      "Endpoint": "Account.Home.Cats",
                      "$typeString": "apiContains"
                    }
                  }
                }
              ]
            },
            {
              "Id": "Cat6",
              "Name": {
                "ByLocale": {
                  "English": "Black Cat (1)",
                  "German": "Schwarze Katze (1)",
                  "Spanish": "Gato Negro (1)",
                  "French": "Chat Noir (1)"
                }
              },
              "Description": {
                "ByLocale": {
                  "English": "Adopt the black cat in Dry Top.",
                  "German": "Adoptiere die schwarze Katze in der Trockenkuppe.",
                  "Spanish": "Adopta al gato negro en Cima Seca.",
                  "French": "Adoptez le chat noir de Cimesèche."
                }
              },
              "Tiers": [
                {
                  "Count": 1,
                  "Points": 1
                }
              ],
              "Objectives": [
                {
                  "Id": "Objective",
                  "Name": {
                    "ByLocale": {
                      "English": "Objective"
                    }
                  },
                  "Description": {
                    "ByLocale": {
                      "English": "N/A"
                    }
                  },
                  "MaxAmount": 1,
                  "Condition": {
                    "Action": {
                      "Value": "6",
                      "ChooseOption": 0,
                      "Endpoint": "Account.Home.Cats",
                      "$typeString": "apiContains"
                    }
                  }
                }
              ]
            },
            {
              "Id": "Cat7",
              "Name": {
                "ByLocale": {
                  "English": "Black Cat (2)",
                  "German": "Schwarze Katze (2)",
                  "Spanish": "Gato Negro (2)",
                  "French": "Chat Noir (2)"
                }
              },
              "Description": {
                "ByLocale": {
                  "English": "Adopt the other black cat in Dry Top.",
                  "German": "Adoptiere die andere schwarze Katze in der Trockenkuppe.",
                  "Spanish": "Adopta al otro gato negro de Cima Seca.",
                  "French": "Adoptez l'autre chat noir de Cimesèche."
                }
              },
              "Tiers": [
                {
                  "Count": 1,
                  "Points": 1
                }
              ],
              "Objectives": [
                {
                  "Id": "Objective",
                  "Name": {
                    "ByLocale": {
                      "English": "Objective"
                    }
                  },
                  "Description": {
                    "ByLocale": {
                      "English": "N/A"
                    }
                  },
                  "MaxAmount": 1,
                  "Condition": {
                    "Action": {
                      "Value": "7",
                      "ChooseOption": 0,
                      "Endpoint": "Account.Home.Cats",
                      "$typeString": "apiContains"
                    }
                  }
                }
              ]
            },
            {
              "Id": "Cat8",
              "Name": {
                "ByLocale": {
                  "English": "Black Cat (3)",
                  "German": "Schwarze Katze (3)",
                  "Spanish": "Gato Negro (3)",
                  "French": "Chat Noir (3)"
                }
              },
              "Description": {
                "ByLocale": {
                  "English": "Adopt the black cat in the Silverwastes.",
                  "German": "Adoptiere die schwarze Katze in der Silberwüste.",
                  "Spanish": "Adopta el gato negro de los Páramos Argentos.",
                  "French": "Adoptez le chat noir des Contrées sauvages d'argent."
                }
              },
              "Tiers": [
                {
                  "Count": 1,
                  "Points": 1
                }
              ],
              "Objectives": [
                {
                  "Id": "Objective",
                  "Name": {
                    "ByLocale": {
                      "English": "Objective"
                    }
                  },
                  "Description": {
                    "ByLocale": {
                      "English": "N/A"
                    }
                  },
                  "MaxAmount": 1,
                  "Condition": {
                    "Action": {
                      "Value": "8",
                      "ChooseOption": 0,
                      "Endpoint": "Account.Home.Cats",
                      "$typeString": "apiContains"
                    }
                  }
                }
              ]
            },
            {
              "Id": "Cat9",
              "Name": {
                "ByLocale": {
                  "English": "Black Cat (4)",
                  "German": "Schwarze Katze (4)",
                  "Spanish": "Gato Negro (4)",
                  "French": "Chat Noir (4)"
                }
              },
              "Description": {
                "ByLocale": {
                  "English": "Adopt the other black cat in the Silverwastes.",
                  "German": "Adoptiere die andere schwarze Katze in der Silberwüste.",
                  "Spanish": "Adopta al otro gato negro de los Páramos Argentos.",
                  "French": "Adoptez l'autre chat noir des Contrées sauvages d'argent."
                }
              },
              "Tiers": [
                {
                  "Count": 1,
                  "Points": 1
                }
              ],
              "Objectives": [
                {
                  "Id": "Objective",
                  "Name": {
                    "ByLocale": {
                      "English": "Objective"
                    }
                  },
                  "Description": {
                    "ByLocale": {
                      "English": "N/A"
                    }
                  },
                  "MaxAmount": 1,
                  "Condition": {
                    "Action": {
                      "Value": "9",
                      "ChooseOption": 0,
                      "Endpoint": "Account.Home.Cats",
                      "$typeString": "apiContains"
                    }
                  }
                }
              ]
            },
            {
              "Id": "Cat10",
              "Name": {
                "ByLocale": {
                  "English": "Black Kitten (1)",
                  "German": "Schwarzes Kätzchen (1)",
                  "Spanish": "Gatito Negro (1)",
                  "French": "Chaton Noir (1)"
                }
              },
              "Description": {
                "ByLocale": {
                  "English": "Adopt the black kitten in the Grove.",
                  "German": "Adoptiere das schwarze Kätzchen im Hain.",
                  "Spanish": "Adopta al gatito negro de la Arboleda.",
                  "French": "Adoptez le chaton noir dans le Bosquet."
                }
              },
              "Tiers": [
                {
                  "Count": 1,
                  "Points": 1
                }
              ],
              "Objectives": [
                {
                  "Id": "Objective",
                  "Name": {
                    "ByLocale": {
                      "English": "Objective"
                    }
                  },
                  "Description": {
                    "ByLocale": {
                      "English": "N/A"
                    }
                  },
                  "MaxAmount": 1,
                  "Condition": {
                    "Action": {
                      "Value": "10",
                      "ChooseOption": 0,
                      "Endpoint": "Account.Home.Cats",
                      "$typeString": "apiContains"
                    }
                  }
                }
              ]
            },
            {
              "Id": "Cat11",
              "Name": {
                "ByLocale": {
                  "English": "White Kitten (1)",
                  "German": "Weißes Kätzchen (1)",
                  "Spanish": "Gatito Blanco (1)",
                  "French": "Chaton Blanc (1)"
                }
              },
              "Description": {
                "ByLocale": {
                  "English": "Adopt the white kitten in the Grove.",
                  "German": "Adoptiere das weiße Kätzchen im Hain.",
                  "Spanish": "Adopta al gatito blanco de la Arboleda.",
                  "French": "Adoptez le chaton blanc dans le Bosquet."
                }
              },
              "Tiers": [
                {
                  "Count": 1,
                  "Points": 1
                }
              ],
              "Objectives": [
                {
                  "Id": "Objective",
                  "Name": {
                    "ByLocale": {
                      "English": "Objective"
                    }
                  },
                  "Description": {
                    "ByLocale": {
                      "English": "N/A"
                    }
                  },
                  "MaxAmount": 1,
                  "Condition": {
                    "Action": {
                      "Value": "11",
                      "ChooseOption": 0,
                      "Endpoint": "Account.Home.Cats",
                      "$typeString": "apiContains"
                    }
                  }
                }
              ]
            },
            {
              "Id": "Cat12",
              "Name": {
                "ByLocale": {
                  "English": "Black Cat (5)",
                  "German": "Schwarze Katze (5)",
                  "Spanish": "Gato Negro (5)",
                  "French": "Chat Noir (5)"
                }
              },
              "Description": {
                "ByLocale": {
                  "English": "Adopt the black cat in Queensdale.",
                  "German": "Adoptiere die schwarze Katze in Königintal.",
                  "Spanish": "Adopta el gato negro en Valle de la Reina.",
                  "French": "Adoptez le chat noir dans la Vallée de la reine."
                }
              },
              "Tiers": [
                {
                  "Count": 1,
                  "Points": 1
                }
              ],
              "Objectives": [
                {
                  "Id": "Objective",
                  "Name": {
                    "ByLocale": {
                      "English": "Objective"
                    }
                  },
                  "Description": {
                    "ByLocale": {
                      "English": "N/A"
                    }
                  },
                  "MaxAmount": 1,
                  "Condition": {
                    "Action": {
                      "Value": "12",
                      "ChooseOption": 0,
                      "Endpoint": "Account.Home.Cats",
                      "$typeString": "apiContains"
                    }
                  }
                }
              ]
            },
            {
              "Id": "Cat13",
              "Name": {
                "ByLocale": {
                  "English": "Black Cat (6)",
                  "German": "Schwarze Katze (6)",
                  "Spanish": "Gato Negro (6)",
                  "French": "Chat Noir (6)"
                }
              },
              "Description": {
                "ByLocale": {
                  "English": "Adopt the other black cat in Queensdale.",
                  "German": "Adoptiere die andere schwarze Katze in Königintal.",
                  "Spanish": "Adopta al otro gato negro en Valle de la Reina.",
                  "French": "Adoptez l'autre chat noir dans la Vallée de la reine."
                }
              },
              "Tiers": [
                {
                  "Count": 1,
                  "Points": 1
                }
              ],
              "Objectives": [
                {
                  "Id": "Objective",
                  "Name": {
                    "ByLocale": {
                      "English": "Objective"
                    }
                  },
                  "Description": {
                    "ByLocale": {
                      "English": "N/A"
                    }
                  },
                  "MaxAmount": 1,
                  "Condition": {
                    "Action": {
                      "Value": "13",
                      "ChooseOption": 0,
                      "Endpoint": "Account.Home.Cats",
                      "$typeString": "apiContains"
                    }
                  }
                }
              ]
            },
            {
              "Id": "Cat14",
              "Name": {
                "ByLocale": {
                  "English": "Black Cat (7)",
                  "German": "Schwarze Katze (7)",
                  "Spanish": "Gato Negro (7)",
                  "French": "Chat Noir (7)"
                }
              },
              "Description": {
                "ByLocale": {
                  "English": "Adopt the black cat in Caledon Forest.",
                  "German": "Adoptiere die schwarze Katze im Caledon-Wald.",
                  "Spanish": "Adopta al gato negro del Bosque de Caledon.",
                  "French": "Adoptez le chat noir de la Forêt de Caledon."
                }
              },
              "Tiers": [
                {
                  "Count": 1,
                  "Points": 1
                }
              ],
              "Objectives": [
                {
                  "Id": "Objective",
                  "Name": {
                    "ByLocale": {
                      "English": "Objective"
                    }
                  },
                  "Description": {
                    "ByLocale": {
                      "English": "N/A"
                    }
                  },
                  "MaxAmount": 1,
                  "Condition": {
                    "Action": {
                      "Value": "14",
                      "ChooseOption": 0,
                      "Endpoint": "Account.Home.Cats",
                      "$typeString": "apiContains"
                    }
                  }
                }
              ]
            },
            {
              "Id": "Cat15",
              "Name": {
                "ByLocale": {
                  "English": "Black Cat (8)",
                  "German": "Schwarze Katze (8)",
                  "Spanish": "Gato Negro (8)",
                  "French": "Chat Noir (8)"
                }
              },
              "Description": {
                "ByLocale": {
                  "English": "Adopt the black cat in Metrica Province.",
                  "German": "Adoptiere die schwarze Katze in der Provinz Metrica.",
                  "Spanish": "Adopta al gato negro en Provincia Métrica.",
                  "French": "Adoptez le chat noir de la Province de Metrica."
                }
              },
              "Tiers": [
                {
                  "Count": 1,
                  "Points": 1
                }
              ],
              "Objectives": [
                {
                  "Id": "Objective",
                  "Name": {
                    "ByLocale": {
                      "English": "Objective"
                    }
                  },
                  "Description": {
                    "ByLocale": {
                      "English": "N/A"
                    }
                  },
                  "MaxAmount": 1,
                  "Condition": {
                    "Action": {
                      "Value": "15",
                      "ChooseOption": 0,
                      "Endpoint": "Account.Home.Cats",
                      "$typeString": "apiContains"
                    }
                  }
                }
              ]
            },
            {
              "Id": "Cat16",
              "Name": {
                "ByLocale": {
                  "English": "Black Cat (9)",
                  "German": "Schwarze Katze (9)",
                  "Spanish": "Gato Negro (9)",
                  "French": "Chat Noir (9)"
                }
              },
              "Description": {
                "ByLocale": {
                  "English": "Adopt the other black cat in Caledon Forest.",
                  "German": "Adoptiere die andere schwarze Katze im Caledon-Wald.",
                  "Spanish": "Adopta al otro gato negro del Bosque de Caledon.",
                  "French": "Adoptez l'autre chat noir de la Forêt de Caledon."
                }
              },
              "Tiers": [
                {
                  "Count": 1,
                  "Points": 1
                }
              ],
              "Objectives": [
                {
                  "Id": "Objective",
                  "Name": {
                    "ByLocale": {
                      "English": "Objective"
                    }
                  },
                  "Description": {
                    "ByLocale": {
                      "English": "N/A"
                    }
                  },
                  "MaxAmount": 1,
                  "Condition": {
                    "Action": {
                      "Value": "16",
                      "ChooseOption": 0,
                      "Endpoint": "Account.Home.Cats",
                      "$typeString": "apiContains"
                    }
                  }
                }
              ]
            },
            {
              "Id": "Cat17",
              "Name": {
                "ByLocale": {
                  "English": "Black Cat (10)",
                  "German": "Schwarze Katze (10)",
                  "Spanish": "Gato Negro (10)",
                  "French": "Chat Noir (10)"
                }
              },
              "Description": {
                "ByLocale": {
                  "English": "Adopt the black cat in the Plains of Ashford.",
                  "German": "Adoptiere die schwarze Katze in den Ebenen von Aschfurt.",
                  "Spanish": "Adopta al gato negro de las Llanuras de Ashford.",
                  "French": "Adoptez le chat noir des Plaines d'Ashford."
                }
              },
              "Tiers": [
                {
                  "Count": 1,
                  "Points": 1
                }
              ],
              "Objectives": [
                {
                  "Id": "Objective",
                  "Name": {
                    "ByLocale": {
                      "English": "Objective"
                    }
                  },
                  "Description": {
                    "ByLocale": {
                      "English": "N/A"
                    }
                  },
                  "MaxAmount": 1,
                  "Condition": {
                    "Action": {
                      "Value": "17",
                      "ChooseOption": 0,
                      "Endpoint": "Account.Home.Cats",
                      "$typeString": "apiContains"
                    }
                  }
                }
              ]
            },
            {
              "Id": "Cat18",
              "Name": {
                "ByLocale": {
                  "English": "Black Cat (11)",
                  "German": "Schwarze Katze (11)",
                  "Spanish": "Gato Negro (11)",
                  "French": "Chat Noir (11)"
                }
              },
              "Description": {
                "ByLocale": {
                  "English": "Adopt the black cat in the Heart of the Mists.",
                  "German": "Adoptiere die schwarze Katze im Herz der Nebel.",
                  "Spanish": "Adopta al gato negro del Corazón de la Niebla.",
                  "French": "Adoptez le chat noir au Cœur des Brumes."
                }
              },
              "Tiers": [
                {
                  "Count": 1,
                  "Points": 1
                }
              ],
              "Objectives": [
                {
                  "Id": "Objective",
                  "Name": {
                    "ByLocale": {
                      "English": "Objective"
                    }
                  },
                  "Description": {
                    "ByLocale": {
                      "English": "N/A"
                    }
                  },
                  "MaxAmount": 1,
                  "Condition": {
                    "Action": {
                      "Value": "18",
                      "ChooseOption": 0,
                      "Endpoint": "Account.Home.Cats",
                      "$typeString": "apiContains"
                    }
                  }
                }
              ]
            },
            {
              "Id": "Cat19",
              "Name": {
                "ByLocale": {
                  "English": "Black Cat (12)",
                  "German": "Schwarze Katze (12)",
                  "Spanish": "Gato Negro (12)",
                  "French": "Chat Noir (12)"
                }
              },
              "Description": {
                "ByLocale": {
                  "English": "Adopt the other black cat in the Plains of Ashford.",
                  "German": "Adoptiere die andere schwarze Katze in den Ebenen von Aschfurt.",
                  "Spanish": "Adopta al otro gato negro de las Llanuras de Ashford.",
                  "French": "Adoptez l'autre chat noir des Plaines d'Ashford."
                }
              },
              "Tiers": [
                {
                  "Count": 1,
                  "Points": 1
                }
              ],
              "Objectives": [
                {
                  "Id": "Objective",
                  "Name": {
                    "ByLocale": {
                      "English": "Objective"
                    }
                  },
                  "Description": {
                    "ByLocale": {
                      "English": "N/A"
                    }
                  },
                  "MaxAmount": 1,
                  "Condition": {
                    "Action": {
                      "Value": "19",
                      "ChooseOption": 0,
                      "Endpoint": "Account.Home.Cats",
                      "$typeString": "apiContains"
                    }
                  }
                }
              ]
            },
            {
              "Id": "Cat20",
              "Name": {
                "ByLocale": {
                  "English": "Black Cat (13)",
                  "German": "Schwarze Katze (13)",
                  "Spanish": "Gato Negro (13)",
                  "French": "Chat Noir (13)"
                }
              },
              "Description": {
                "ByLocale": {
                  "English": "Adopt the black cat in the Wayfarer Foothills.",
                  "German": "Adoptiere die schwarze Katze in den Wanderer-Hügeln.",
                  "Spanish": "Adopta al gato negro de las Colinas del Caminante.",
                  "French": "Adoptez le chat noir des Contreforts du Voyageur."
                }
              },
              "Tiers": [
                {
                  "Count": 1,
                  "Points": 1
                }
              ],
              "Objectives": [
                {
                  "Id": "Objective",
                  "Name": {
                    "ByLocale": {
                      "English": "Objective"
                    }
                  },
                  "Description": {
                    "ByLocale": {
                      "English": "N/A"
                    }
                  },
                  "MaxAmount": 1,
                  "Condition": {
                    "Action": {
                      "Value": "20",
                      "ChooseOption": 0,
                      "Endpoint": "Account.Home.Cats",
                      "$typeString": "apiContains"
                    }
                  }
                }
              ]
            },
            {
              "Id": "Cat21",
              "Name": {
                "ByLocale": {
                  "English": "Orange Cat (4)",
                  "German": "Orangene Katze (4)",
                  "Spanish": "Gato Naranja (4)",
                  "French": "Chat Orange (4)"
                }
              },
              "Description": {
                "ByLocale": {
                  "English": "Adopt the orange cat in Ember Bay.",
                  "German": "Adoptiere die orangene Katze in der Glutbucht.",
                  "Spanish": "Adopta al gato naranja de Bahía de las Ascuas.",
                  "French": "Adoptez le chat orange de la Baie des Braises."
                }
              },
              "Tiers": [
                {
                  "Count": 1,
                  "Points": 1
                }
              ],
              "Objectives": [
                {
                  "Id": "Objective",
                  "Name": {
                    "ByLocale": {
                      "English": "Objective"
                    }
                  },
                  "Description": {
                    "ByLocale": {
                      "English": "N/A"
                    }
                  },
                  "MaxAmount": 1,
                  "Condition": {
                    "Action": {
                      "Value": "21",
                      "ChooseOption": 0,
                      "Endpoint": "Account.Home.Cats",
                      "$typeString": "apiContains"
                    }
                  }
                }
              ]
            },
            {
              "Id": "Cat22",
              "Name": {
                "ByLocale": {
                  "English": "Orange Cat (5)",
                  "German": "Orangene Katze (5)",
                  "Spanish": "Gato Naranja (5)",
                  "French": "Chat Orange (5)"
                }
              },
              "Description": {
                "ByLocale": {
                  "English": "Adopt the other orange cat in Ember Bay.",
                  "German": "Adoptiere die andere orangene Katze in der Glutbucht.",
                  "Spanish": "Adopta al otro gato naranja de Bahía de las Ascuas.",
                  "French": "Adoptez l'autre chat orange de la Baie des Braises."
                }
              },
              "Tiers": [
                {
                  "Count": 1,
                  "Points": 1
                }
              ],
              "Objectives": [
                {
                  "Id": "Objective",
                  "Name": {
                    "ByLocale": {
                      "English": "Objective"
                    }
                  },
                  "Description": {
                    "ByLocale": {
                      "English": "N/A"
                    }
                  },
                  "MaxAmount": 1,
                  "Condition": {
                    "Action": {
                      "Value": "22",
                      "ChooseOption": 0,
                      "Endpoint": "Account.Home.Cats",
                      "$typeString": "apiContains"
                    }
                  }
                }
              ]
            },
            {
              "Id": "Cat23",
              "Name": {
                "ByLocale": {
                  "English": "Feline Familiar",
                  "German": "Katzengefährten",
                  "Spanish": "Familiar Felino",
                  "French": "Familier Félin"
                }
              },
              "Description": {
                "ByLocale": {
                  "English": "Adopt the feline familiar.",
                  "German": "Adoptiere den Katzengefährten.",
                  "Spanish": "Adopte al familiar felino.",
                  "French": "Adoptez le félin familier."
                }
              },
              "Tiers": [
                {
                  "Count": 1,
                  "Points": 1
                }
              ],
              "Objectives": [
                {
                  "Id": "Objective",
                  "Name": {
                    "ByLocale": {
                      "English": "Objective"
                    }
                  },
                  "Description": {
                    "ByLocale": {
                      "English": "N/A"
                    }
                  },
                  "MaxAmount": 1,
                  "Condition": {
                    "Action": {
                      "Value": "23",
                      "ChooseOption": 0,
                      "Endpoint": "Account.Home.Cats",
                      "$typeString": "apiContains"
                    }
                  }
                }
              ]
            },
            {
              "Id": "Cat24",
              "Name": {
                "ByLocale": {
                  "English": "Snow Leopard Cub",
                  "German": "Schneeleoparden-Junges",
                  "Spanish": "Cachorro de Pantera de las Nieves",
                  "French": "Jeune panthère des neiges"
                }
              },
              "Description": {
                "ByLocale": {
                  "English": "Adopt the snow leopard cub in Bitterfrost Frontier.",
                  "German": "Adoptiere das Schneeleopardenjunge im Bitterfrost-Grenzland.",
                  "Spanish": "Adopta al cachorro de pantera de las nieves en Frontera de Escarchamarga.",
                  "French": "Adoptez le jeune panthère des neiges des Confins de Givramer."
                }
              },
              "Tiers": [
                {
                  "Count": 1,
                  "Points": 1
                }
              ],
              "Objectives": [
                {
                  "Id": "Objective",
                  "Name": {
                    "ByLocale": {
                      "English": "Objective"
                    }
                  },
                  "Description": {
                    "ByLocale": {
                      "English": "N/A"
                    }
                  },
                  "MaxAmount": 1,
                  "Condition": {
                    "Action": {
                      "Value": "24",
                      "ChooseOption": 0,
                      "Endpoint": "Account.Home.Cats",
                      "$typeString": "apiContains"
                    }
                  }
                }
              ]
            },
            {
              "Id": "Cat25",
              "Name": {
                "ByLocale": {
                  "English": "Orange Cat (6)",
                  "German": "Orangene Katze (6)",
                  "Spanish": "Gato Naranja (6)",
                  "French": "Chat Orange (6)"
                }
              },
              "Description": {
                "ByLocale": {
                  "English": "Adopt the orange cat in the Black Citadel.",
                  "German": "Adoptiere die orangene Katze in der schwarzen Zitadelle.",
                  "Spanish": "Adopta al gato naranja en la Ciudadela Negra.",
                  "French": "Adoptez le chat orange dans la Citadelle noire."
                }
              },
              "Tiers": [
                {
                  "Count": 1,
                  "Points": 1
                }
              ],
              "Objectives": [
                {
                  "Id": "Objective",
                  "Name": {
                    "ByLocale": {
                      "English": "Objective"
                    }
                  },
                  "Description": {
                    "ByLocale": {
                      "English": "N/A"
                    }
                  },
                  "MaxAmount": 1,
                  "Condition": {
                    "Action": {
                      "Value": "25",
                      "ChooseOption": 0,
                      "Endpoint": "Account.Home.Cats",
                      "$typeString": "apiContains"
                    }
                  }
                }
              ]
            },
            {
              "Id": "Cat26",
              "Name": {
                "ByLocale": {
                  "English": "Orange Cat (7)",
                  "German": "Orangene Katze (7)",
                  "Spanish": "Gato Naranja (7)",
                  "French": "Chat Orange (7)"
                }
              },
              "Description": {
                "ByLocale": {
                  "English": "Adopt the orange cat in Hoelbrak.",
                  "German": "Adoptiere die orangene Katze in Hoelbrak.",
                  "Spanish": "Adopta al gato naranja en Hoelbrak.",
                  "French": "Adoptez le chat orange à Hoelbrak."
                }
              },
              "Tiers": [
                {
                  "Count": 1,
                  "Points": 1
                }
              ],
              "Objectives": [
                {
                  "Id": "Objective",
                  "Name": {
                    "ByLocale": {
                      "English": "Objective"
                    }
                  },
                  "Description": {
                    "ByLocale": {
                      "English": "N/A"
                    }
                  },
                  "MaxAmount": 1,
                  "Condition": {
                    "Action": {
                      "Value": "26",
                      "ChooseOption": 0,
                      "Endpoint": "Account.Home.Cats",
                      "$typeString": "apiContains"
                    }
                  }
                }
              ]
            },
            {
              "Id": "Cat27",
              "Name": {
                "ByLocale": {
                  "English": "Orange Cat (8)",
                  "German": "Orangene Katze (8)",
                  "Spanish": "Gato Naranja (8)",
                  "French": "Chat Orange (8)"
                }
              },
              "Description": {
                "ByLocale": {
                  "English": "Adopt the orange cat in Rata Sum.",
                  "German": "Adoptiere die orangene Katze in Rata Sum.",
                  "Spanish": "Adopta al gato naranja en Rata Sum.",
                  "French": "Adoptez le chat orange à Rata Sum."
                }
              },
              "Tiers": [
                {
                  "Count": 1,
                  "Points": 1
                }
              ],
              "Objectives": [
                {
                  "Id": "Objective",
                  "Name": {
                    "ByLocale": {
                      "English": "Objective"
                    }
                  },
                  "Description": {
                    "ByLocale": {
                      "English": "N/A"
                    }
                  },
                  "MaxAmount": 1,
                  "Condition": {
                    "Action": {
                      "Value": "27",
                      "ChooseOption": 0,
                      "Endpoint": "Account.Home.Cats",
                      "$typeString": "apiContains"
                    }
                  }
                }
              ]
            },
            {
              "Id": "Cat28",
              "Name": {
                "ByLocale": {
                  "English": "Orange Cat (9)",
                  "German": "Orangene Katze (9)",
                  "Spanish": "Gato Naranja (9)",
                  "French": "Chat Orange (9)"
                }
              },
              "Description": {
                "ByLocale": {
                  "English": "Adopt the orange cat in the Grove.",
                  "German": "Adoptiere die orangene Katze im Hain.",
                  "Spanish": "Adopta al gato naranja de la Arboleda.",
                  "French": "Adoptez le chat orange dans le Bosquet."
                }
              },
              "Tiers": [
                {
                  "Count": 1,
                  "Points": 1
                }
              ],
              "Objectives": [
                {
                  "Id": "Objective",
                  "Name": {
                    "ByLocale": {
                      "English": "Objective"
                    }
                  },
                  "Description": {
                    "ByLocale": {
                      "English": "N/A"
                    }
                  },
                  "MaxAmount": 1,
                  "Condition": {
                    "Action": {
                      "Value": "28",
                      "ChooseOption": 0,
                      "Endpoint": "Account.Home.Cats",
                      "$typeString": "apiContains"
                    }
                  }
                }
              ]
            },
            {
              "Id": "Cat29",
              "Name": {
                "ByLocale": {
                  "English": "Lady Wisteria Whiskington",
                  "German": "Dame Glyzinia Schnurringsen",
                  "Spanish": "Lady Wisteria Whiskington",
                  "French": "Dame Wisteria Moustachnom"
                }
              },
              "Description": {
                "ByLocale": {
                  "English": "Adopt Lady Wisteria Whiskington during 'Confessor's End.'",
                  "German": "Adoptiere Dame Glyzinia Schnurringsen während 'Das Ende des Beichtvaters'.",
                  "Spanish": "Adopta a Lady Wisteria Whiskington durante 'El fin del confesor'.",
                  "French": "Adoptez Dame Wisteria Moustachnom pendant 'La fin du confesseur'."
                }
              },
              "Tiers": [
                {
                  "Count": 1,
                  "Points": 1
                }
              ],
              "Objectives": [
                {
                  "Id": "Objective",
                  "Name": {
                    "ByLocale": {
                      "English": "Objective"
                    }
                  },
                  "Description": {
                    "ByLocale": {
                      "English": "N/A"
                    }
                  },
                  "MaxAmount": 1,
                  "Condition": {
                    "Action": {
                      "Value": "29",
                      "ChooseOption": 0,
                      "Endpoint": "Account.Home.Cats",
                      "$typeString": "apiContains"
                    }
                  }
                }
              ]
            },
            {
              "Id": "Cat32",
              "Name": {
                "ByLocale": {
                  "English": "Ghostly Cat",
                  "German": "Geisterhafte Katze",
                  "Spanish": "Gato Fantasmal",
                  "French": "Chat Fantôme"
                }
              },
              "Description": {
                "ByLocale": {
                  "English": "Adopt the ghostly cat in Lake Doric.",
                  "German": "Adoptiere die geisterhafte Katze im Doric-See.",
                  "Spanish": "Adopta al gato fantasmal del Lago Doric.",
                  "French": "Adoptez le chat fantôme du Lac Doric."
                }
              },
              "Tiers": [
                {
                  "Count": 1,
                  "Points": 1
                }
              ],
              "Objectives": [
                {
                  "Id": "Objective",
                  "Name": {
                    "ByLocale": {
                      "English": "Objective"
                    }
                  },
                  "Description": {
                    "ByLocale": {
                      "English": "N/A"
                    }
                  },
                  "MaxAmount": 1,
                  "Condition": {
                    "Action": {
                      "Value": "32",
                      "ChooseOption": 0,
                      "Endpoint": "Account.Home.Cats",
                      "$typeString": "apiContains"
                    }
                  }
                }
              ]
            },
            {
              "Id": "Cat33",
              "Name": {
                "ByLocale": {
                  "English": "Bee Dog (SAB)",
                  "German": "Bienenhund (SAB)",
                  "Spanish": "Perro Abeja (SAB)",
                  "French": "Chien-abeille (SAB)"
                }
              },
              "Description": {
                "ByLocale": {
                  "English": "Adopt the bee dog in the Super Adventure Box.",
                  "German": "Adoptiere den Bienenhund aus der Super Adventure Box.",
                  "Spanish": "Adopta al perro abeja de la Super Adventure Box.",
                  "French": "Adoptez le chien abeille dans la Super Adventure Box."
                }
              },
              "Tiers": [
                {
                  "Count": 1,
                  "Points": 1
                }
              ],
              "Objectives": [
                {
                  "Id": "Objective",
                  "Name": {
                    "ByLocale": {
                      "English": "Objective"
                    }
                  },
                  "Description": {
                    "ByLocale": {
                      "English": "N/A"
                    }
                  },
                  "MaxAmount": 1,
                  "Condition": {
                    "Action": {
                      "Value": "33",
                      "ChooseOption": 0,
                      "Endpoint": "Account.Home.Cats",
                      "$typeString": "apiContains"
                    }
                  }
                }
              ]
            },
            {
              "Id": "Cat34",
              "Name": {
                "ByLocale": {
                  "English": "Holographic Kitten",
                  "German": "Holografisches Kätzchen",
                  "Spanish": "Gatito holográfico",
                  "French": "Chaton holographique"
                }
              },
              "Description": {
                "ByLocale": {
                  "English": "Adopt the holographic kitten in Rata Sum.",
                  "German": "Adoptiere das holographische Kätzchen in Rata Sum.",
                  "Spanish": "Adopta al gatito holográfico en Rata Sum.",
                  "French": "Adoptez le chaton holographique à Rata Sum."
                }
              },
              "Tiers": [
                {
                  "Count": 1,
                  "Points": 1
                }
              ],
              "Objectives": [
                {
                  "Id": "Objective",
                  "Name": {
                    "ByLocale": {
                      "English": "Objective"
                    }
                  },
                  "Description": {
                    "ByLocale": {
                      "English": "N/A"
                    }
                  },
                  "MaxAmount": 1,
                  "Condition": {
                    "Action": {
                      "Value": "34",
                      "ChooseOption": 0,
                      "Endpoint": "Account.Home.Cats",
                      "$typeString": "apiContains"
                    }
                  }
                }
              ]
            },
            {
              "Id": "Cat35",
              "Name": {
                "ByLocale": {
                  "English": "Simon",
                  "German": "Simon",
                  "Spanish": "Simón",
                  "French": "Simon"
                }
              },
              "Description": {
                "ByLocale": {
                  "English": "Adopt Simon in the Shattered Observatory.",
                  "German": "Adoptiere Simon im Zerschmettertes Observatorium.",
                  "Spanish": "Adopta a Simon en el Observatorio Asolado.",
                  "French": "Adoptez Simon dans l'Observatoire détruit."
                }
              },
              "Tiers": [
                {
                  "Count": 1,
                  "Points": 1
                }
              ],
              "Objectives": [
                {
                  "Id": "Objective",
                  "Name": {
                    "ByLocale": {
                      "English": "Objective"
                    }
                  },
                  "Description": {
                    "ByLocale": {
                      "English": "N/A"
                    }
                  },
                  "MaxAmount": 1,
                  "Condition": {
                    "Action": {
                      "Value": "35",
                      "ChooseOption": 0,
                      "Endpoint": "Account.Home.Cats",
                      "$typeString": "apiContains"
                    }
                  }
                }
              ]
            },
            {
              "Id": "Cat36",
              "Name": {
                "ByLocale": {
                  "English": "Blue Catmander",
                  "German": "Blauer Katzenkommandeur",
                  "Spanish": "Gatondante azul",
                  "French": "Chat-commandant bleu"
                }
              },
              "Description": {
                "ByLocale": {
                  "English": "Adopt the blue catmander in the Alpine Borderlands.",
                  "German": "Adoptiere den blauen Katzenkommandeur in den Grenzlanden.",
                  "Spanish": "Adopta el Gatondante azul en las Tierras Fronterizas alpinas.",
                  "French": "Adopter le Chat-commandant bleu dans les territoires alpins."
                }
              },
              "Tiers": [
                {
                  "Count": 1,
                  "Points": 1
                }
              ],
              "Objectives": [
                {
                  "Id": "Objective",
                  "Name": {
                    "ByLocale": {
                      "English": "Objective"
                    }
                  },
                  "Description": {
                    "ByLocale": {
                      "English": "N/A"
                    }
                  },
                  "MaxAmount": 1,
                  "Condition": {
                    "Action": {
                      "Value": "36",
                      "ChooseOption": 0,
                      "Endpoint": "Account.Home.Cats",
                      "$typeString": "apiContains"
                    }
                  }
                }
              ]
            },
            {
              "Id": "Cat37",
              "Name": {
                "ByLocale": {
                  "English": "Yellow Catmander",
                  "German": "Gelber Katzenkommandeur",
                  "Spanish": "Gatondante amarillo",
                  "French": "Chat-commandant jaune"
                }
              },
              "Description": {
                "ByLocale": {
                  "English": "Adopt the yellow catmander in the Desert Borderlands.",
                  "German": "Adoptiere den gelben Katzenkommandeur in den Wüsten-Grenzlanden.",
                  "Spanish": "Adopta el Gatondante amarillo en la Tierras Fronterizas desérticas.",
                  "French": "Adopter le Chat-commandant jaune dans les territoires du désert."
                }
              },
              "Tiers": [
                {
                  "Count": 1,
                  "Points": 1
                }
              ],
              "Objectives": [
                {
                  "Id": "Objective",
                  "Name": {
                    "ByLocale": {
                      "English": "Objective"
                    }
                  },
                  "Description": {
                    "ByLocale": {
                      "English": "N/A"
                    }
                  },
                  "MaxAmount": 1,
                  "Condition": {
                    "Action": {
                      "Value": "37",
                      "ChooseOption": 0,
                      "Endpoint": "Account.Home.Cats",
                      "$typeString": "apiContains"
                    }
                  }
                }
              ]
            }
          ],
          "Icon": {
            "Path": "catCollection.png",
            "$typeString": "file"
          },
          "Color": {
            "R": 255,
            "G": 174,
            "B": 121,
            "A": 255
          }
        }
      ]
    }
  ]
}