{
  "Id": "Misc",
  "AchievementCategories": [
    {
      "Id": "General",
      "Name": {
        "ByLocale": {
          "English": "General",
          "German": "Allgemein",
          "Spanish": "Generales",
          "French": "Général"
        }
      },
      "AchievementCollections": [
        {
          "Id": "Tradesman",
          "Name": {
            "ByLocale": {
              "English": "Tradesman",
              "German": "Händler",
              "Spanish": "Comerciante",
              "French": "Marchand"
            }
          },
          "Achievements": [
            {
              "Id": "Poor",
              "Name": {
                "ByLocale": {
                  "English": "I'm poor, you know",
                  "German": "Ich bin bitterarm",
                  "Spanish": "Soy pobre, ¿sabes?",
                  "French": "Je suis pauvre, vous savez?"
                }
              },
              "Description": {
                "ByLocale": {
                  "English": "Have less than 1 gold coin to your name.",
                  "German": "Habe weniger als eine Goldmünze in der Tasche.",
                  "Spanish": "Posee menos de una moneda de oro.",
                  "French": "Possédez moins d'une pièce d'or."
                }
              },
              "Tiers": [
                1
              ],
              "Objectives": [
                {
                  "Id": "Objective",
                  "Name": {
                    "ByLocale": {
                      "English": "Objective"
                    }
                  },
                  "Description": {
                    "ByLocale": {
                      "English": "N/A"
                    }
                  },
                  "MaxAmount": 1,
                  "Condition": {
                    "Action": {
                      "Key": "Value",
                      "Value": "10000",
                      "Comparison": 2,
                      "Endpoint": "Account.Wallet[INTEGER:0]",
                      "$typeString": "apiComparison"
                    }
                  }
                }
              ]
            }
          ],
          "Icon": {
            "AssetId": 42678,
            "$typeString": "asset"
          },
          "Color": {
            "R": 255,
            "G": 253,
            "B": 40,
            "A": 255
          }
        },
        {
          "Id": "Explorer",
          "Name": {
            "ByLocale": {
              "English": "Explorer",
              "German": "Explorator",
              "Spanish": "Pionero",
              "French": "Explorateur"
            }
          },
          "Achievements": [
            {
              "Id": "Warclaw",
              "Name": {
                "ByLocale": {
                  "English": "Fused",
                  "German": "Verschmolzen",
                  "Spanish": "Fusionado",
                  "French": "Fusionné"
                }
              },
              "Description": {
                "ByLocale": {
                  "English": "Spend at least 5 consecutive minutes on your Warclaw.",
                  "German": "Verbringe mindestens 5 ununterbrochene Minuten mit deiner Kriegsklaue.",
                  "Spanish": "Dedica al menos 5 minutos consecutivos a tu Garrabélica.",
                  "French": "Passez au moins 5 minutes consécutives sur votre Razziafelis."
                }
              },
              "Tiers": [
                1, 2, 3, 4, 5
              ],
              "Objectives": [
                {
                  "Id": "Minute1",
                  "Name": {
                    "ByLocale": {
                      "English": "1 minute",
                      "German": "1 Minute",
                      "Spanish": "1 minuto",
                      "French": "1 minute"
                    }
                  },
                  "Description": {
                    "ByLocale": {
                      "English": "Spend at least 1 consecutive minute on your Warclaw.",
                      "German": "Verbringe mindestens 1 ununterbrochene Minute mit deiner Kriegsklaue.",
                      "Spanish": "Dedica al menos 1 minuto consecutivo a tu Garrabélica.",
                      "French": "Passez au moins 1 minute consécutive sur votre Razziafelis."
                    }
                  },
                  "MaxAmount": 1,
                  "Condition": {
                    "Action": {
                      "MountType": 7,
                      "MinimumDuration": 60000,
                      "$typeString": "mount"
                    }
                  }
                },
                {
                  "Id": "Minute2",
                  "Name": {
                    "ByLocale": {
                      "English": "2 minutes",
                      "German": "2 Minuten",
                      "Spanish": "2 minutos",
                      "French": "2 minutes"
                    }
                  },
                  "Description": {
                    "ByLocale": {
                      "English": "Spend at least 2 consecutive minutes on your Warclaw.",
                      "German": "Verbringe mindestens 2 ununterbrochene Minuten mit deiner Kriegsklaue.",
                      "Spanish": "Dedica al menos 2 minutos consecutivos a tu Garrabélica.",
                      "French": "Passez au moins 2 minutes consécutives sur votre Razziafelis."
                    }
                  },
                  "MaxAmount": 1,
                  "Condition": {
                    "Action": {
                      "MountType": 7,
                      "MinimumDuration": 120000,
                      "$typeString": "mount"
                    }
                  }
                },
                {
                  "Id": "Minute3",
                  "Name": {
                    "ByLocale": {
                      "English": "3 minutes",
                      "German": "3 Minuten",
                      "Spanish": "3 minutos",
                      "French": "3 minutes"
                    }
                  },
                  "Description": {
                    "ByLocale": {
                      "English": "Spend at least 3 consecutive minutes on your Warclaw.",
                      "German": "Verbringe mindestens 3 ununterbrochene Minuten mit deiner Kriegsklaue.",
                      "Spanish": "Dedica al menos 3 minutos consecutivos a tu Garrabélica.",
                      "French": "Passez au moins 3 minutes consécutives sur votre Razziafelis."
                    }
                  },
                  "MaxAmount": 1,
                  "Condition": {
                    "Action": {
                      "MountType": 7,
                      "MinimumDuration": 180000,
                      "$typeString": "mount"
                    }
                  }
                },
                {
                  "Id": "Minute4",
                  "Name": {
                    "ByLocale": {
                      "English": "4 minutes",
                      "German": "4 Minuten",
                      "Spanish": "4 minutos",
                      "French": "4 minutes"
                    }
                  },
                  "Description": {
                    "ByLocale": {
                      "English": "Spend at least 4 consecutive minutes on your Warclaw.",
                      "German": "Verbringe mindestens 4 ununterbrochene Minuten mit deiner Kriegsklaue.",
                      "Spanish": "Dedica al menos 4 minutos consecutivos a tu Garrabélica.",
                      "French": "Passez au moins 4 minutes consécutives sur votre Razziafelis."
                    }
                  },
                  "MaxAmount": 1,
                  "Condition": {
                    "Action": {
                      "MountType": 7,
                      "MinimumDuration": 240000,
                      "$typeString": "mount"
                    }
                  }
                },
                {
                  "Id": "Minute5",
                  "Name": {
                    "ByLocale": {
                      "English": "5 minutes",
                      "German": "5 Minuten",
                      "Spanish": "5 minutos",
                      "French": "5 minutes"
                    }
                  },
                  "Description": {
                    "ByLocale": {
                      "English": "Spend at least 5 consecutive minutes on your Warclaw.",
                      "German": "Verbringe mindestens 5 ununterbrochene Minuten mit deiner Kriegsklaue.",
                      "Spanish": "Dedica al menos 5 minutos consecutivos a tu Garrabélica.",
                      "French": "Passez au moins 5 minutes consécutives sur votre Razziafelis."
                    }
                  },
                  "MaxAmount": 1,
                  "Condition": {
                    "Action": {
                      "MountType": 7,
                      "MinimumDuration": 300000,
                      "$typeString": "mount"
                    }
                  }
                }
              ]
            }
          ],
          "Icon": {
            "AssetId": 42680,
            "$typeString": "asset"
          },
          "Color": {
            "R": 90,
            "G": 161,
            "B": 122,
            "A": 255
          }
        }
      ]
    },
    {
      "Id": "WvW",
      "Name": {
        "ByLocale": {
          "English": "World vs. World",
          "German": "Welt gegen Welt",
          "Spanish": "Mundo contra Mundo",
          "French": "Monde contre Monde"
        }
      },
      "AchievementCollections": [
        {
          "Id": "EotM",
          "Name": {
            "ByLocale": {
              "English": "Edge of the Mists",
              "German": "Rand der Nebel",
              "Spanish": "El Borde de la Niebla",
              "French": "La lisière des Brumes"
            }
          },
          "Achievements": [
            {
              "Id": "commander",
              "Name": {
                "ByLocale": {
                  "English": "Living up to your title",
                  "German": "Deinem Titel gerecht werden",
                  "Spanish": "A la altura de su título",
                  "French": "À la hauteur de son titre"
                }
              },
              "Description": {
                "ByLocale": {
                  "English": "Don't just follow others around. Use your commander tag in WvW.",
                  "German": "Lauf nicht nur anderen hinterher. Benutze deine Kommilampe in WvW.",
                  "Spanish": "No te limites a seguir a los demás. Usa tu chapa de comandante en McM.",
                  "French": "Ne vous contentez pas de suivre les autres. Utilisez votre tag de commandant dans McM."
                }
              },
              "Tiers": [
                1
              ],
              "Objectives": [
                {
                  "Id": "Obj",
                  "Name": {
                    "ByLocale": {
                      "English": "N/A"
                    }
                  },
                  "Description": {
                    "ByLocale": {
                      "English": "N/A"
                    }
                  },
                  "MaxAmount": 1,
                  "Condition": {
                    "OrCondition": null,
                    "AndCondition": {
                      "OrCondition": {
                        "OrCondition": {
                          "OrCondition": {
                            "OrCondition": {
                              "OrCondition": {
                                "OrCondition": {
                                  "Action": {
                                    "MapType": 18,
                                    "$typeString": "map"
                                  }
                                },
                                "Action": {
                                  "MapType": 15,
                                  "$typeString": "map"
                                }
                              },
                              "Action": {
                                "MapType": 14,
                                "$typeString": "map"
                              }
                            },
                            "Action": {
                              "MapType": 12,
                              "$typeString": "map"
                            }
                          },
                          "Action": {
                            "MapType": 11,
                            "$typeString": "map"
                          }
                        },
                        "Action": {
                          "MapType": 10,
                          "$typeString": "map"
                        }
                      },
                      "Action": {
                        "MapType": 9,
                        "$typeString": "map"
                      }
                    },
                    "Action": {
                      "ActiveCommanderTag": true,
                      "$typeString": "identity"
                    }
                  }
                }
              ]
            }
          ],
          "Icon": {
            "AssetId": 338457,
            "$typeString": "asset"
          },
          "Color": {
            "B": 46,
            "G": 46,
            "R": 230,
            "A": 255
          }
        }
      ]
    }
  ]
}
